Experiment,Split,Recall_%,Recall_95_CI,FPR_%,FPR_95_CI,F1_Score,F1_95_CI,Mean_Horizon,Mean_Horizon_95_CI,Query_Savings_%,Early_Decision_%,TP,FP,TN,FN
Dual-View Fixed K=5,In-Distribution,98.0,"[97.58%, 98.41%]",5.4936,"[5.0425%, 5.9392%]",0.935,"[0.9298, 0.94]",5.0,"[5.0, 5.0]",83.33,100.0,4117,488,8395,84
Dual-View Fixed K=10,In-Distribution,99.52,"[99.31%, 99.72%]",1.3734,"[1.1216%, 1.6227%]",0.9833,"[0.9805, 0.9862]",10.0,"[10.0, 10.0]",66.67,100.0,4181,122,8761,20
Dual-View Fixed K=15,In-Distribution,99.76,"[99.6%, 99.9%]",0.5178,"[0.3763%, 0.6699%]",0.9934,"[0.9916, 0.9951]",15.0,"[15.0, 15.0]",50.0,100.0,4191,46,8837,10
Dual-View Fixed K=20,In-Distribution,99.79,"[99.63%, 99.93%]",0.4728,"[0.3393%, 0.6124%]",0.994,"[0.9924, 0.9954]",20.0,"[20.0, 20.0]",33.33,100.0,4192,42,8841,9
Dual-View Fixed K=25,In-Distribution,99.74,"[99.57%, 99.88%]",0.3265,"[0.2127%, 0.4396%]",0.9952,"[0.9938, 0.9967]",25.0,"[25.0, 25.0]",16.67,100.0,4190,29,8854,11
Dual-View Fixed K=30,In-Distribution,99.52,"[99.31%, 99.71%]",0.2251,"[0.1343%, 0.3178%]",0.9952,"[0.9938, 0.9966]",30.0,"[30.0, 30.0]",0.0,0.0,4181,20,8863,20
Behavioral-Only Fixed K=30,In-Distribution,98.88,"[98.54%, 99.2%]",0.1013,"[0.034%, 0.1696%]",0.9933,"[0.9914, 0.995]",30.0,"[30.0, 30.0]",0.0,0.0,4154,9,8874,47
Lexical-Only Fixed K=30,In-Distribution,98.45,"[98.07%, 98.81%]",38.2641,"[37.256%, 39.247%]",0.7048,"[0.6954, 0.7137]",30.0,"[30.0, 30.0]",0.0,0.0,4136,3399,5484,65
Dual-View AEC (Calibrated),In-Distribution,98.17,"[97.74%, 98.56%]",0.1238,"[0.0561%, 0.1995%]",0.9894,"[0.9872, 0.9916]",13.13,"[12.93, 13.31]",56.23,69.99,4124,11,8872,77
Dual-View CUSUM,In-Distribution,99.12,"[98.84%, 99.38%]",0.5854,"[0.4396%, 0.7422%]",0.9894,"[0.9872, 0.9915]",9.22,"[9.11, 9.31]",69.27,99.74,4164,52,8831,37
Dual-View Fixed K=5,Held-Out OOD,82.97,"[82.34%, 83.67%]",2.6905,"[2.3691%, 3.0566%]",0.897,"[0.8928, 0.9015]",5.0,"[5.0, 5.0]",83.33,100.0,9791,239,8644,2009
Dual-View Fixed K=10,Held-Out OOD,94.58,"[94.16%, 95.0%]",0.8105,"[0.6196%, 0.9928%]",0.9691,"[0.9669, 0.9714]",10.0,"[10.0, 10.0]",66.67,100.0,11161,72,8811,639
Dual-View Fixed K=15,Held-Out OOD,99.03,"[98.85%, 99.19%]",0.3152,"[0.2049%, 0.428%]",0.9939,"[0.9929, 0.9949]",15.0,"[15.0, 15.0]",50.0,100.0,11685,28,8855,115
Dual-View Fixed K=20,Held-Out OOD,99.52,"[99.39%, 99.64%]",0.3715,"[0.2496%, 0.4973%]",0.9962,"[0.9954, 0.9969]",20.0,"[20.0, 20.0]",33.33,100.0,11743,33,8850,57
Dual-View Fixed K=25,Held-Out OOD,99.53,"[99.4%, 99.65%]",0.2814,"[0.1778%, 0.3942%]",0.9966,"[0.9958, 0.9973]",25.0,"[25.0, 25.0]",16.67,100.0,11744,25,8858,56
Dual-View Fixed K=30,Held-Out OOD,99.44,"[99.3%, 99.57%]",0.2026,"[0.1123%, 0.2939%]",0.9964,"[0.9957, 0.9971]",30.0,"[30.0, 30.0]",0.0,0.0,11734,18,8865,66
Dual-View AEC (Calibrated),Held-Out OOD,99.21,"[99.05%, 99.36%]",0.5066,"[0.373%, 0.6536%]",0.9941,"[0.9931, 0.995]",10.3,"[10.23, 10.37]",65.67,99.93,11707,45,8838,93
Dual-View CUSUM,Held-Out OOD,96.17,"[95.81%, 96.47%]",0.1801,"[0.1012%, 0.2704%]",0.9798,"[0.9779, 0.9814]",12.96,"[12.86, 13.06]",56.8,99.8,11348,16,8867,452
