filename,rel_path,full_path,dataset_source,state_type,row_count,file_size_mb,label,label_name,attack_modality,intensity,capture_id,source_file
stateful_features-heavy_audio.pcap.csv,data/raw/cic_bell_dns_exf_2021/Attack_Heavy_Benign/Attacks/stateful_features-heavy_audio.pcap.csv,C:\Users\VICTUS\deepdns\data\raw\cic_bell_dns_exf_2021\Attack_Heavy_Benign\Attacks\stateful_features-heavy_audio.pcap.csv,cic_bell_dns_exf_2021,stateful,10735,1.1741,1.0,attack,audio,heavy,heavy_audio,stateful_features-heavy_audio.pcap.csv
stateful_features-heavy_compressed.pcap.csv,data/raw/cic_bell_dns_exf_2021/Attack_Heavy_Benign/Attacks/stateful_features-heavy_compressed.pcap.csv,C:\Users\VICTUS\deepdns\data\raw\cic_bell_dns_exf_2021\Attack_Heavy_Benign\Attacks\stateful_features-heavy_compressed.pcap.csv,cic_bell_dns_exf_2021,stateful,10424,1.1432,1.0,attack,compressed,heavy,heavy_compressed,stateful_features-heavy_compressed.pcap.csv
stateful_features-heavy_exe.pcap.csv,data/raw/cic_bell_dns_exf_2021/Attack_Heavy_Benign/Attacks/stateful_features-heavy_exe.pcap.csv,C:\Users\VICTUS\deepdns\data\raw\cic_bell_dns_exf_2021\Attack_Heavy_Benign\Attacks\stateful_features-heavy_exe.pcap.csv,cic_bell_dns_exf_2021,stateful,9980,1.0957,1.0,attack,exe,heavy,heavy_exe,stateful_features-heavy_exe.pcap.csv
stateful_features-heavy_image.pcap.csv,data/raw/cic_bell_dns_exf_2021/Attack_Heavy_Benign/Attacks/stateful_features-heavy_image.pcap.csv,C:\Users\VICTUS\deepdns\data\raw\cic_bell_dns_exf_2021\Attack_Heavy_Benign\Attacks\stateful_features-heavy_image.pcap.csv,cic_bell_dns_exf_2021,stateful,11076,1.2099,1.0,attack,image,heavy,heavy_image,stateful_features-heavy_image.pcap.csv
stateful_features-heavy_text.pcap.csv,data/raw/cic_bell_dns_exf_2021/Attack_Heavy_Benign/Attacks/stateful_features-heavy_text.pcap.csv,C:\Users\VICTUS\deepdns\data\raw\cic_bell_dns_exf_2021\Attack_Heavy_Benign\Attacks\stateful_features-heavy_text.pcap.csv,cic_bell_dns_exf_2021,stateful,18916,2.093,1.0,attack,text,heavy,heavy_text,stateful_features-heavy_text.pcap.csv
stateful_features-heavy_video.pcap.csv,data/raw/cic_bell_dns_exf_2021/Attack_Heavy_Benign/Attacks/stateful_features-heavy_video.pcap.csv,C:\Users\VICTUS\deepdns\data\raw\cic_bell_dns_exf_2021\Attack_Heavy_Benign\Attacks\stateful_features-heavy_video.pcap.csv,cic_bell_dns_exf_2021,stateful,10897,1.1971,1.0,attack,video,heavy,heavy_video,stateful_features-heavy_video.pcap.csv
stateless_features-heavy_audio.pcap.csv,data/raw/cic_bell_dns_exf_2021/Attack_Heavy_Benign/Attacks/stateless_features-heavy_audio.pcap.csv,C:\Users\VICTUS\deepdns\data\raw\cic_bell_dns_exf_2021\Attack_Heavy_Benign\Attacks\stateless_features-heavy_audio.pcap.csv,cic_bell_dns_exf_2021,stateless,35795,3.197,1.0,attack,audio,heavy,heavy_audio,stateless_features-heavy_audio.pcap.csv
stateless_features-heavy_compressed.pcap.csv,data/raw/cic_bell_dns_exf_2021/Attack_Heavy_Benign/Attacks/stateless_features-heavy_compressed.pcap.csv,C:\Users\VICTUS\deepdns\data\raw\cic_bell_dns_exf_2021\Attack_Heavy_Benign\Attacks\stateless_features-heavy_compressed.pcap.csv,cic_bell_dns_exf_2021,stateless,35746,3.1939,1.0,attack,compressed,heavy,heavy_compressed,stateless_features-heavy_compressed.pcap.csv
stateless_features-heavy_exe.pcap.csv,data/raw/cic_bell_dns_exf_2021/Attack_Heavy_Benign/Attacks/stateless_features-heavy_exe.pcap.csv,C:\Users\VICTUS\deepdns\data\raw\cic_bell_dns_exf_2021\Attack_Heavy_Benign\Attacks\stateless_features-heavy_exe.pcap.csv,cic_bell_dns_exf_2021,stateless,34629,3.095,1.0,attack,exe,heavy,heavy_exe,stateless_features-heavy_exe.pcap.csv
stateless_features-heavy_image.pcap.csv,data/raw/cic_bell_dns_exf_2021/Attack_Heavy_Benign/Attacks/stateless_features-heavy_image.pcap.csv,C:\Users\VICTUS\deepdns\data\raw\cic_bell_dns_exf_2021\Attack_Heavy_Benign\Attacks\stateless_features-heavy_image.pcap.csv,cic_bell_dns_exf_2021,stateless,36386,3.2508,1.0,attack,image,heavy,heavy_image,stateless_features-heavy_image.pcap.csv
stateless_features-heavy_text.pcap.csv,data/raw/cic_bell_dns_exf_2021/Attack_Heavy_Benign/Attacks/stateless_features-heavy_text.pcap.csv,C:\Users\VICTUS\deepdns\data\raw\cic_bell_dns_exf_2021\Attack_Heavy_Benign\Attacks\stateless_features-heavy_text.pcap.csv,cic_bell_dns_exf_2021,stateless,71102,6.3518,1.0,attack,text,heavy,heavy_text,stateless_features-heavy_text.pcap.csv
stateless_features-heavy_video.pcap.csv,data/raw/cic_bell_dns_exf_2021/Attack_Heavy_Benign/Attacks/stateless_features-heavy_video.pcap.csv,C:\Users\VICTUS\deepdns\data\raw\cic_bell_dns_exf_2021\Attack_Heavy_Benign\Attacks\stateless_features-heavy_video.pcap.csv,cic_bell_dns_exf_2021,stateless,38012,3.3978,1.0,attack,video,heavy,heavy_video,stateless_features-heavy_video.pcap.csv
stateful_features-benign_heavy_1.pcap.csv,data/raw/cic_bell_dns_exf_2021/Attack_Heavy_Benign/Benign/stateful_features-benign_heavy_1.pcap.csv,C:\Users\VICTUS\deepdns\data\raw\cic_bell_dns_exf_2021\Attack_Heavy_Benign\Benign\stateful_features-benign_heavy_1.pcap.csv,cic_bell_dns_exf_2021,stateful,22774,2.9889,0.0,benign,,heavy,benign_heavy_1,stateful_features-benign_heavy_1.pcap.csv
stateful_features-benign_heavy_2.pcap.csv,data/raw/cic_bell_dns_exf_2021/Attack_Heavy_Benign/Benign/stateful_features-benign_heavy_2.pcap.csv,C:\Users\VICTUS\deepdns\data\raw\cic_bell_dns_exf_2021\Attack_Heavy_Benign\Benign\stateful_features-benign_heavy_2.pcap.csv,cic_bell_dns_exf_2021,stateful,19660,2.5158,0.0,benign,,heavy,benign_heavy_2,stateful_features-benign_heavy_2.pcap.csv
stateful_features-benign_heavy_3.pcap.csv,data/raw/cic_bell_dns_exf_2021/Attack_Heavy_Benign/Benign/stateful_features-benign_heavy_3.pcap.csv,C:\Users\VICTUS\deepdns\data\raw\cic_bell_dns_exf_2021\Attack_Heavy_Benign\Benign\stateful_features-benign_heavy_3.pcap.csv,cic_bell_dns_exf_2021,stateful,26582,3.4772,0.0,benign,,heavy,benign_heavy_3,stateful_features-benign_heavy_3.pcap.csv
stateless_features-benign_heavy_1.pcap.csv,data/raw/cic_bell_dns_exf_2021/Attack_Heavy_Benign/Benign/stateless_features-benign_heavy_1.pcap.csv,C:\Users\VICTUS\deepdns\data\raw\cic_bell_dns_exf_2021\Attack_Heavy_Benign\Benign\stateless_features-benign_heavy_1.pcap.csv,cic_bell_dns_exf_2021,stateless,61567,5.3532,0.0,benign,,heavy,benign_heavy_1,stateless_features-benign_heavy_1.pcap.csv
stateless_features-benign_heavy_2.pcap.csv,data/raw/cic_bell_dns_exf_2021/Attack_Heavy_Benign/Benign/stateless_features-benign_heavy_2.pcap.csv,C:\Users\VICTUS\deepdns\data\raw\cic_bell_dns_exf_2021\Attack_Heavy_Benign\Benign\stateless_features-benign_heavy_2.pcap.csv,cic_bell_dns_exf_2021,stateless,49115,4.2744,0.0,benign,,heavy,benign_heavy_2,stateless_features-benign_heavy_2.pcap.csv
stateless_features-benign_heavy_3.pcap.csv,data/raw/cic_bell_dns_exf_2021/Attack_Heavy_Benign/Benign/stateless_features-benign_heavy_3.pcap.csv,C:\Users\VICTUS\deepdns\data\raw\cic_bell_dns_exf_2021\Attack_Heavy_Benign\Benign\stateless_features-benign_heavy_3.pcap.csv,cic_bell_dns_exf_2021,stateless,71012,6.1977,0.0,benign,,heavy,benign_heavy_3,stateless_features-benign_heavy_3.pcap.csv
stateful_features-light_audio.pcap.csv,data/raw/cic_bell_dns_exf_2021/Attack_Light_Benign/Attacks/stateful_features-light_audio.pcap.csv,C:\Users\VICTUS\deepdns\data\raw\cic_bell_dns_exf_2021\Attack_Light_Benign\Attacks\stateful_features-light_audio.pcap.csv,cic_bell_dns_exf_2021,stateful,4246,0.475,1.0,attack,audio,light,light_audio,stateful_features-light_audio.pcap.csv
stateful_features-light_compressed.pcap.csv,data/raw/cic_bell_dns_exf_2021/Attack_Light_Benign/Attacks/stateful_features-light_compressed.pcap.csv,C:\Users\VICTUS\deepdns\data\raw\cic_bell_dns_exf_2021\Attack_Light_Benign\Attacks\stateful_features-light_compressed.pcap.csv,cic_bell_dns_exf_2021,stateful,2904,0.3195,1.0,attack,compressed,light,light_compressed,stateful_features-light_compressed.pcap.csv
stateful_features-light_exe.pcap.csv,data/raw/cic_bell_dns_exf_2021/Attack_Light_Benign/Attacks/stateful_features-light_exe.pcap.csv,C:\Users\VICTUS\deepdns\data\raw\cic_bell_dns_exf_2021\Attack_Light_Benign\Attacks\stateful_features-light_exe.pcap.csv,cic_bell_dns_exf_2021,stateful,1836,0.202,1.0,attack,exe,light,light_exe,stateful_features-light_exe.pcap.csv
stateful_features-light_image.pcap.csv,data/raw/cic_bell_dns_exf_2021/Attack_Light_Benign/Attacks/stateful_features-light_image.pcap.csv,C:\Users\VICTUS\deepdns\data\raw\cic_bell_dns_exf_2021\Attack_Light_Benign\Attacks\stateful_features-light_image.pcap.csv,cic_bell_dns_exf_2021,stateful,143,0.0161,1.0,attack,image,light,light_image,stateful_features-light_image.pcap.csv
stateful_features-light_text.pcap.csv,data/raw/cic_bell_dns_exf_2021/Attack_Light_Benign/Attacks/stateful_features-light_text.pcap.csv,C:\Users\VICTUS\deepdns\data\raw\cic_bell_dns_exf_2021\Attack_Light_Benign\Attacks\stateful_features-light_text.pcap.csv,cic_bell_dns_exf_2021,stateful,921,0.1022,1.0,attack,text,light,light_text,stateful_features-light_text.pcap.csv
stateful_features-light_video.pcap.csv,data/raw/cic_bell_dns_exf_2021/Attack_Light_Benign/Attacks/stateful_features-light_video.pcap.csv,C:\Users\VICTUS\deepdns\data\raw\cic_bell_dns_exf_2021\Attack_Light_Benign\Attacks\stateful_features-light_video.pcap.csv,cic_bell_dns_exf_2021,stateful,1245,0.1371,1.0,attack,video,light,light_video,stateful_features-light_video.pcap.csv
stateless_features-light_audio.pcap.csv,data/raw/cic_bell_dns_exf_2021/Attack_Light_Benign/Attacks/stateless_features-light_audio.pcap.csv,C:\Users\VICTUS\deepdns\data\raw\cic_bell_dns_exf_2021\Attack_Light_Benign\Attacks\stateless_features-light_audio.pcap.csv,cic_bell_dns_exf_2021,stateless,17618,1.5751,1.0,attack,audio,light,light_audio,stateless_features-light_audio.pcap.csv
stateless_features-light_compressed.pcap.csv,data/raw/cic_bell_dns_exf_2021/Attack_Light_Benign/Attacks/stateless_features-light_compressed.pcap.csv,C:\Users\VICTUS\deepdns\data\raw\cic_bell_dns_exf_2021\Attack_Light_Benign\Attacks\stateless_features-light_compressed.pcap.csv,cic_bell_dns_exf_2021,stateless,10241,0.9152,1.0,attack,compressed,light,light_compressed,stateless_features-light_compressed.pcap.csv
stateless_features-light_exe.pcap.csv,data/raw/cic_bell_dns_exf_2021/Attack_Light_Benign/Attacks/stateless_features-light_exe.pcap.csv,C:\Users\VICTUS\deepdns\data\raw\cic_bell_dns_exf_2021\Attack_Light_Benign\Attacks\stateless_features-light_exe.pcap.csv,cic_bell_dns_exf_2021,stateless,6450,0.5766,1.0,attack,exe,light,light_exe,stateless_features-light_exe.pcap.csv
stateless_features-light_image.pcap.csv,data/raw/cic_bell_dns_exf_2021/Attack_Light_Benign/Attacks/stateless_features-light_image.pcap.csv,C:\Users\VICTUS\deepdns\data\raw\cic_bell_dns_exf_2021\Attack_Light_Benign\Attacks\stateless_features-light_image.pcap.csv,cic_bell_dns_exf_2021,stateless,524,0.0472,1.0,attack,image,light,light_image,stateless_features-light_image.pcap.csv
stateless_features-light_text.pcap.csv,data/raw/cic_bell_dns_exf_2021/Attack_Light_Benign/Attacks/stateless_features-light_text.pcap.csv,C:\Users\VICTUS\deepdns\data\raw\cic_bell_dns_exf_2021\Attack_Light_Benign\Attacks\stateless_features-light_text.pcap.csv,cic_bell_dns_exf_2021,stateless,3479,0.311,1.0,attack,text,light,light_text,stateless_features-light_text.pcap.csv
stateless_features-light_video.pcap.csv,data/raw/cic_bell_dns_exf_2021/Attack_Light_Benign/Attacks/stateless_features-light_video.pcap.csv,C:\Users\VICTUS\deepdns\data\raw\cic_bell_dns_exf_2021\Attack_Light_Benign\Attacks\stateless_features-light_video.pcap.csv,cic_bell_dns_exf_2021,stateless,4371,0.3909,1.0,attack,video,light,light_video,stateless_features-light_video.pcap.csv
stateful_features-_light_benign.pcap.csv,data/raw/cic_bell_dns_exf_2021/Attack_Light_Benign/Benign/stateful_features-_light_benign.pcap.csv,C:\Users\VICTUS\deepdns\data\raw\cic_bell_dns_exf_2021\Attack_Light_Benign\Benign\stateful_features-_light_benign.pcap.csv,cic_bell_dns_exf_2021,stateful,22768,2.9768,0.0,benign,,light,light_benign,stateful_features-_light_benign.pcap.csv
stateless_features-light_benign.pcap.csv,data/raw/cic_bell_dns_exf_2021/Attack_Light_Benign/Benign/stateless_features-light_benign.pcap.csv,C:\Users\VICTUS\deepdns\data\raw\cic_bell_dns_exf_2021\Attack_Light_Benign\Benign\stateless_features-light_benign.pcap.csv,cic_bell_dns_exf_2021,stateless,60091,5.226,0.0,benign,,light,light_benign,stateless_features-light_benign.pcap.csv
stateful_features-benign_1.pcap.csv,data/raw/cic_bell_dns_exf_2021/Benign/stateful_features-benign_1.pcap.csv,C:\Users\VICTUS\deepdns\data\raw\cic_bell_dns_exf_2021\Benign\stateful_features-benign_1.pcap.csv,cic_bell_dns_exf_2021,stateful,52438,6.5158,0.0,benign,,standard,benign_1,stateful_features-benign_1.pcap.csv
stateful_features-benign_2.pcap.csv,data/raw/cic_bell_dns_exf_2021/Benign/stateful_features-benign_2.pcap.csv,C:\Users\VICTUS\deepdns\data\raw\cic_bell_dns_exf_2021\Benign\stateful_features-benign_2.pcap.csv,cic_bell_dns_exf_2021,stateful,34560,4.4815,0.0,benign,,standard,benign_2,stateful_features-benign_2.pcap.csv
stateless_features-benign_1.pcap.csv,data/raw/cic_bell_dns_exf_2021/Benign/stateless_features-benign_1.pcap.csv,C:\Users\VICTUS\deepdns\data\raw\cic_bell_dns_exf_2021\Benign\stateless_features-benign_1.pcap.csv,cic_bell_dns_exf_2021,stateless,132499,11.4212,0.0,benign,,standard,benign_1,stateless_features-benign_1.pcap.csv
stateless_features-benign_2.pcap.csv,data/raw/cic_bell_dns_exf_2021/Benign/stateless_features-benign_2.pcap.csv,C:\Users\VICTUS\deepdns\data\raw\cic_bell_dns_exf_2021\Benign\stateless_features-benign_2.pcap.csv,cic_bell_dns_exf_2021,stateless,88574,7.6992,0.0,benign,,standard,benign_2,stateless_features-benign_2.pcap.csv
test_combined_multiclass.csv.gz,data/raw/dns_threats/original/test_combined_multiclass.csv.gz,C:\Users\VICTUS\deepdns\data\raw\dns_threats\original\test_combined_multiclass.csv.gz,dns_threats,n/a,620703,6.0332,,,,,,
train_combined_multiclass.csv.gz,data/raw/dns_threats/original/train_combined_multiclass.csv.gz,C:\Users\VICTUS\deepdns\data\raw\dns_threats\original\train_combined_multiclass.csv.gz,dns_threats,n/a,2482810,21.9634,,,,,,
