feature,feature_type,dtype,correlation_with_label,unique_values,risk_category,reason,evidence,recommended_action
FQDN_count,stateless,int64,0.5201,35,SAFE,Standard statistical/lexical property.,,Normalize and include in behavioral/lexical feature vector
subdomain_length,stateless,int64,0.5272,26,SAFE,Standard statistical/lexical property.,,Normalize and include in behavioral/lexical feature vector
upper,stateless,int64,0.0735,6,SAFE,Standard statistical/lexical property.,,Normalize and include in behavioral/lexical feature vector
lower,stateless,int64,-0.2441,34,SAFE,Standard statistical/lexical property.,,Normalize and include in behavioral/lexical feature vector
numeric,stateless,int64,0.5532,14,SAFE,Standard statistical/lexical property.,,Normalize and include in behavioral/lexical feature vector
entropy,stateless,float64,-0.0699,1660,SAFE,Standard statistical/lexical property.,,Normalize and include in behavioral/lexical feature vector
special,stateless,int64,0.541,9,SAFE,Standard statistical/lexical property.,,Normalize and include in behavioral/lexical feature vector
labels,stateless,int64,0.5276,7,SAFE,Standard statistical/lexical property.,,Normalize and include in behavioral/lexical feature vector
labels_max,stateless,int64,-0.063,31,SAFE,Standard statistical/lexical property.,,Normalize and include in behavioral/lexical feature vector
labels_average,stateless,float64,-0.0626,83,SAFE,Standard statistical/lexical property.,,Normalize and include in behavioral/lexical feature vector
longest_word,stateless,object,N/A,18001,SAFE,Standard statistical/lexical property.,,Normalize and include in behavioral/lexical feature vector
sld,stateless,object,N/A,67628,SAFE,Standard statistical/lexical property.,"Sample sld values: ['192', 'DESKTOP-3JF04TC', '224', 'local', 'dns']",Normalize and include in behavioral/lexical feature vector
len,stateless,int64,0.1788,33,SAFE,Standard statistical/lexical property.,,Normalize and include in behavioral/lexical feature vector
subdomain,stateless,int64,0.4459,2,SAFE,Standard statistical/lexical property.,,Normalize and include in behavioral/lexical feature vector
rr,stateful,float64,-0.5432,11,SUSPICIOUS,Windowed/stateful feature with correlation r=-0.543. Risk of non-causal aggregation.,"Python data structures: False, sample: 0.0",EXCLUDE from causal online models unless causally recomputed in dynamic window
A_frequency,stateful,int64,-0.5432,10,SUSPICIOUS,Windowed/stateful feature with correlation r=-0.543. Risk of non-causal aggregation.,"Python data structures: False, sample: 0",EXCLUDE from causal online models unless causally recomputed in dynamic window
NS_frequency,stateful,int64,N/A,1,SUSPICIOUS,Windowed/stateful feature with correlation r=nan. Risk of non-causal aggregation.,"Python data structures: False, sample: 0",EXCLUDE from causal online models unless causally recomputed in dynamic window
CNAME_frequency,stateful,int64,N/A,1,SUSPICIOUS,Windowed/stateful feature with correlation r=nan. Risk of non-causal aggregation.,"Python data structures: False, sample: 0",EXCLUDE from causal online models unless causally recomputed in dynamic window
SOA_frequency,stateful,int64,N/A,1,SUSPICIOUS,Windowed/stateful feature with correlation r=nan. Risk of non-causal aggregation.,"Python data structures: False, sample: 0",EXCLUDE from causal online models unless causally recomputed in dynamic window
NULL_frequency,stateful,int64,N/A,1,SUSPICIOUS,Windowed/stateful feature with correlation r=nan. Risk of non-causal aggregation.,"Python data structures: False, sample: 0",EXCLUDE from causal online models unless causally recomputed in dynamic window
PTR_frequency,stateful,int64,0.4571,19,SUSPICIOUS,Windowed/stateful feature with correlation r=0.457. Risk of non-causal aggregation.,"Python data structures: False, sample: 2",EXCLUDE from causal online models unless causally recomputed in dynamic window
HINFO_frequency,stateful,int64,N/A,1,SUSPICIOUS,Windowed/stateful feature with correlation r=nan. Risk of non-causal aggregation.,"Python data structures: False, sample: 0",EXCLUDE from causal online models unless causally recomputed in dynamic window
MX_frequency,stateful,int64,N/A,1,SUSPICIOUS,Windowed/stateful feature with correlation r=nan. Risk of non-causal aggregation.,"Python data structures: False, sample: 0",EXCLUDE from causal online models unless causally recomputed in dynamic window
TXT_frequency,stateful,int64,0.0024,2,SUSPICIOUS,Windowed/stateful feature with correlation r=0.002. Risk of non-causal aggregation.,"Python data structures: False, sample: 0",EXCLUDE from causal online models unless causally recomputed in dynamic window
AAAA_frequency,stateful,int64,-0.0001,2,SUSPICIOUS,Windowed/stateful feature with correlation r=-0.000. Risk of non-causal aggregation.,"Python data structures: False, sample: 0",EXCLUDE from causal online models unless causally recomputed in dynamic window
SRV_frequency,stateful,int64,N/A,1,SUSPICIOUS,Windowed/stateful feature with correlation r=nan. Risk of non-causal aggregation.,"Python data structures: False, sample: 0",EXCLUDE from causal online models unless causally recomputed in dynamic window
OPT_frequency,stateful,int64,N/A,1,SUSPICIOUS,Windowed/stateful feature with correlation r=nan. Risk of non-causal aggregation.,"Python data structures: False, sample: 0",EXCLUDE from causal online models unless causally recomputed in dynamic window
rr_type,stateful,object,N/A,6,LEAKAGE-PRONE,Stateful feature aggregated across session/window. Contains raw Python set/list string dumps and global session aggregates.,"Python data structures: True, sample: {'PTR'}",EXCLUDE from causal online models unless causally recomputed in dynamic window
rr_count,stateful,int64,-0.3931,7,SUSPICIOUS,Windowed/stateful feature with correlation r=-0.393. Risk of non-causal aggregation.,"Python data structures: False, sample: 0",EXCLUDE from causal online models unless causally recomputed in dynamic window
rr_name_entropy,stateful,float64,0.4756,105385,SUSPICIOUS,Windowed/stateful feature with correlation r=0.476. Risk of non-causal aggregation.,"Python data structures: False, sample: 3.146083993626608",EXCLUDE from causal online models unless causally recomputed in dynamic window
rr_name_length,stateful,int64,0.5427,35,SUSPICIOUS,Windowed/stateful feature with correlation r=0.543. Risk of non-causal aggregation.,"Python data structures: False, sample: 25",EXCLUDE from causal online models unless causally recomputed in dynamic window
distinct_ns,stateful,int64,-0.407,4,SUSPICIOUS,Windowed/stateful feature with correlation r=-0.407. Risk of non-causal aggregation.,"Python data structures: False, sample: 0",EXCLUDE from causal online models unless causally recomputed in dynamic window
distinct_ip,stateful,object,N/A,1,LEAKAGE-PRONE,Stateful feature aggregated across session/window. Contains raw Python set/list string dumps and global session aggregates.,"Python data structures: True, sample: set()",EXCLUDE from causal online models unless causally recomputed in dynamic window
unique_country,stateful,object,N/A,162,LEAKAGE-PRONE,Stateful feature aggregated across session/window. Contains raw Python set/list string dumps and global session aggregates.,"Python data structures: True, sample: set()",EXCLUDE from causal online models unless causally recomputed in dynamic window
unique_asn,stateful,object,N/A,5635,LEAKAGE-PRONE,Stateful feature aggregated across session/window. Contains raw Python set/list string dumps and global session aggregates.,"Python data structures: True, sample: set()",EXCLUDE from causal online models unless causally recomputed in dynamic window
distinct_domains,stateful,object,N/A,55972,LEAKAGE-PRONE,Stateful feature aggregated across session/window. Contains raw Python set/list string dumps and global session aggregates.,"Python data structures: True, sample: {}",EXCLUDE from causal online models unless causally recomputed in dynamic window
reverse_dns,stateful,object,-0.407,23264,SUSPICIOUS,Stateful feature aggregated across session/window. Contains raw Python set/list string dumps and global session aggregates.,"Python data structures: False, sample: unknown",EXCLUDE from causal online models unless causally recomputed in dynamic window
a_records,stateful,int64,N/A,1,SUSPICIOUS,Windowed/stateful feature with correlation r=nan. Risk of non-causal aggregation.,"Python data structures: False, sample: 0",EXCLUDE from causal online models unless causally recomputed in dynamic window
unique_ttl,stateful,object,N/A,79,LEAKAGE-PRONE,Stateful feature aggregated across session/window. Contains raw Python set/list string dumps and global session aggregates.,"Python data structures: True, sample: [1, 1]",EXCLUDE from causal online models unless causally recomputed in dynamic window
ttl_mean,stateful,float64,-0.5812,18,SUSPICIOUS,Windowed/stateful feature with correlation r=-0.581. Risk of non-causal aggregation.,"Python data structures: False, sample: 1.0",EXCLUDE from causal online models unless causally recomputed in dynamic window
ttl_variance,stateful,float64,-0.4213,11,SUSPICIOUS,Windowed/stateful feature with correlation r=-0.421. Risk of non-causal aggregation.,"Python data structures: False, sample: 0.0",EXCLUDE from causal online models unless causally recomputed in dynamic window
