filename,rel_path,full_path,extension,compressed,file_size_bytes,file_size_mb,row_count,dataset_source,is_attack,modality,intensity,state_type
stateful_features-heavy_audio.pcap.csv,data/raw/cic_bell_dns_exf_2021/Attack_Heavy_Benign/Attacks/stateful_features-heavy_audio.pcap.csv,C:\Users\VICTUS\deepdns\data\raw\cic_bell_dns_exf_2021\Attack_Heavy_Benign\Attacks\stateful_features-heavy_audio.pcap.csv,.csv,False,1231111,1.1741,10735,cic_bell_dns_exf_2021,True,audio,heavy,stateful
stateful_features-heavy_compressed.pcap.csv,data/raw/cic_bell_dns_exf_2021/Attack_Heavy_Benign/Attacks/stateful_features-heavy_compressed.pcap.csv,C:\Users\VICTUS\deepdns\data\raw\cic_bell_dns_exf_2021\Attack_Heavy_Benign\Attacks\stateful_features-heavy_compressed.pcap.csv,.csv,False,1198696,1.1432,10424,cic_bell_dns_exf_2021,True,compressed,heavy,stateful
stateful_features-heavy_exe.pcap.csv,data/raw/cic_bell_dns_exf_2021/Attack_Heavy_Benign/Attacks/stateful_features-heavy_exe.pcap.csv,C:\Users\VICTUS\deepdns\data\raw\cic_bell_dns_exf_2021\Attack_Heavy_Benign\Attacks\stateful_features-heavy_exe.pcap.csv,.csv,False,1148904,1.0957,9980,cic_bell_dns_exf_2021,True,exe,heavy,stateful
stateful_features-heavy_image.pcap.csv,data/raw/cic_bell_dns_exf_2021/Attack_Heavy_Benign/Attacks/stateful_features-heavy_image.pcap.csv,C:\Users\VICTUS\deepdns\data\raw\cic_bell_dns_exf_2021\Attack_Heavy_Benign\Attacks\stateful_features-heavy_image.pcap.csv,.csv,False,1268620,1.2099,11076,cic_bell_dns_exf_2021,True,image,heavy,stateful
stateful_features-heavy_text.pcap.csv,data/raw/cic_bell_dns_exf_2021/Attack_Heavy_Benign/Attacks/stateful_features-heavy_text.pcap.csv,C:\Users\VICTUS\deepdns\data\raw\cic_bell_dns_exf_2021\Attack_Heavy_Benign\Attacks\stateful_features-heavy_text.pcap.csv,.csv,False,2194696,2.093,18916,cic_bell_dns_exf_2021,True,text,heavy,stateful
stateful_features-heavy_video.pcap.csv,data/raw/cic_bell_dns_exf_2021/Attack_Heavy_Benign/Attacks/stateful_features-heavy_video.pcap.csv,C:\Users\VICTUS\deepdns\data\raw\cic_bell_dns_exf_2021\Attack_Heavy_Benign\Attacks\stateful_features-heavy_video.pcap.csv,.csv,False,1255262,1.1971,10897,cic_bell_dns_exf_2021,True,video,heavy,stateful
stateless_features-heavy_audio.pcap.csv,data/raw/cic_bell_dns_exf_2021/Attack_Heavy_Benign/Attacks/stateless_features-heavy_audio.pcap.csv,C:\Users\VICTUS\deepdns\data\raw\cic_bell_dns_exf_2021\Attack_Heavy_Benign\Attacks\stateless_features-heavy_audio.pcap.csv,.csv,False,3352264,3.197,35795,cic_bell_dns_exf_2021,True,audio,heavy,stateless
stateless_features-heavy_compressed.pcap.csv,data/raw/cic_bell_dns_exf_2021/Attack_Heavy_Benign/Attacks/stateless_features-heavy_compressed.pcap.csv,C:\Users\VICTUS\deepdns\data\raw\cic_bell_dns_exf_2021\Attack_Heavy_Benign\Attacks\stateless_features-heavy_compressed.pcap.csv,.csv,False,3349029,3.1939,35746,cic_bell_dns_exf_2021,True,compressed,heavy,stateless
stateless_features-heavy_exe.pcap.csv,data/raw/cic_bell_dns_exf_2021/Attack_Heavy_Benign/Attacks/stateless_features-heavy_exe.pcap.csv,C:\Users\VICTUS\deepdns\data\raw\cic_bell_dns_exf_2021\Attack_Heavy_Benign\Attacks\stateless_features-heavy_exe.pcap.csv,.csv,False,3245322,3.095,34629,cic_bell_dns_exf_2021,True,exe,heavy,stateless
stateless_features-heavy_image.pcap.csv,data/raw/cic_bell_dns_exf_2021/Attack_Heavy_Benign/Attacks/stateless_features-heavy_image.pcap.csv,C:\Users\VICTUS\deepdns\data\raw\cic_bell_dns_exf_2021\Attack_Heavy_Benign\Attacks\stateless_features-heavy_image.pcap.csv,.csv,False,3408762,3.2508,36386,cic_bell_dns_exf_2021,True,image,heavy,stateless
stateless_features-heavy_text.pcap.csv,data/raw/cic_bell_dns_exf_2021/Attack_Heavy_Benign/Attacks/stateless_features-heavy_text.pcap.csv,C:\Users\VICTUS\deepdns\data\raw\cic_bell_dns_exf_2021\Attack_Heavy_Benign\Attacks\stateless_features-heavy_text.pcap.csv,.csv,False,6660380,6.3518,71102,cic_bell_dns_exf_2021,True,text,heavy,stateless
stateless_features-heavy_video.pcap.csv,data/raw/cic_bell_dns_exf_2021/Attack_Heavy_Benign/Attacks/stateless_features-heavy_video.pcap.csv,C:\Users\VICTUS\deepdns\data\raw\cic_bell_dns_exf_2021\Attack_Heavy_Benign\Attacks\stateless_features-heavy_video.pcap.csv,.csv,False,3562821,3.3978,38012,cic_bell_dns_exf_2021,True,video,heavy,stateless
stateful_features-benign_heavy_1.pcap.csv,data/raw/cic_bell_dns_exf_2021/Attack_Heavy_Benign/Benign/stateful_features-benign_heavy_1.pcap.csv,C:\Users\VICTUS\deepdns\data\raw\cic_bell_dns_exf_2021\Attack_Heavy_Benign\Benign\stateful_features-benign_heavy_1.pcap.csv,.csv,False,3134139,2.9889,22774,cic_bell_dns_exf_2021,False,benign,heavy,stateful
stateful_features-benign_heavy_2.pcap.csv,data/raw/cic_bell_dns_exf_2021/Attack_Heavy_Benign/Benign/stateful_features-benign_heavy_2.pcap.csv,C:\Users\VICTUS\deepdns\data\raw\cic_bell_dns_exf_2021\Attack_Heavy_Benign\Benign\stateful_features-benign_heavy_2.pcap.csv,.csv,False,2637980,2.5158,19660,cic_bell_dns_exf_2021,False,benign,heavy,stateful
stateful_features-benign_heavy_3.pcap.csv,data/raw/cic_bell_dns_exf_2021/Attack_Heavy_Benign/Benign/stateful_features-benign_heavy_3.pcap.csv,C:\Users\VICTUS\deepdns\data\raw\cic_bell_dns_exf_2021\Attack_Heavy_Benign\Benign\stateful_features-benign_heavy_3.pcap.csv,.csv,False,3646140,3.4772,26582,cic_bell_dns_exf_2021,False,benign,heavy,stateful
stateless_features-benign_heavy_1.pcap.csv,data/raw/cic_bell_dns_exf_2021/Attack_Heavy_Benign/Benign/stateless_features-benign_heavy_1.pcap.csv,C:\Users\VICTUS\deepdns\data\raw\cic_bell_dns_exf_2021\Attack_Heavy_Benign\Benign\stateless_features-benign_heavy_1.pcap.csv,.csv,False,5613254,5.3532,61567,cic_bell_dns_exf_2021,False,benign,heavy,stateless
stateless_features-benign_heavy_2.pcap.csv,data/raw/cic_bell_dns_exf_2021/Attack_Heavy_Benign/Benign/stateless_features-benign_heavy_2.pcap.csv,C:\Users\VICTUS\deepdns\data\raw\cic_bell_dns_exf_2021\Attack_Heavy_Benign\Benign\stateless_features-benign_heavy_2.pcap.csv,.csv,False,4482079,4.2744,49115,cic_bell_dns_exf_2021,False,benign,heavy,stateless
stateless_features-benign_heavy_3.pcap.csv,data/raw/cic_bell_dns_exf_2021/Attack_Heavy_Benign/Benign/stateless_features-benign_heavy_3.pcap.csv,C:\Users\VICTUS\deepdns\data\raw\cic_bell_dns_exf_2021\Attack_Heavy_Benign\Benign\stateless_features-benign_heavy_3.pcap.csv,.csv,False,6498787,6.1977,71012,cic_bell_dns_exf_2021,False,benign,heavy,stateless
stateful_features-light_audio.pcap.csv,data/raw/cic_bell_dns_exf_2021/Attack_Light_Benign/Attacks/stateful_features-light_audio.pcap.csv,C:\Users\VICTUS\deepdns\data\raw\cic_bell_dns_exf_2021\Attack_Light_Benign\Attacks\stateful_features-light_audio.pcap.csv,.csv,False,498122,0.475,4246,cic_bell_dns_exf_2021,True,audio,light,stateful
stateful_features-light_compressed.pcap.csv,data/raw/cic_bell_dns_exf_2021/Attack_Light_Benign/Attacks/stateful_features-light_compressed.pcap.csv,C:\Users\VICTUS\deepdns\data\raw\cic_bell_dns_exf_2021\Attack_Light_Benign\Attacks\stateful_features-light_compressed.pcap.csv,.csv,False,335031,0.3195,2904,cic_bell_dns_exf_2021,True,compressed,light,stateful
stateful_features-light_exe.pcap.csv,data/raw/cic_bell_dns_exf_2021/Attack_Light_Benign/Attacks/stateful_features-light_exe.pcap.csv,C:\Users\VICTUS\deepdns\data\raw\cic_bell_dns_exf_2021\Attack_Light_Benign\Attacks\stateful_features-light_exe.pcap.csv,.csv,False,211824,0.202,1836,cic_bell_dns_exf_2021,True,exe,light,stateful
stateful_features-light_image.pcap.csv,data/raw/cic_bell_dns_exf_2021/Attack_Light_Benign/Attacks/stateful_features-light_image.pcap.csv,C:\Users\VICTUS\deepdns\data\raw\cic_bell_dns_exf_2021\Attack_Light_Benign\Attacks\stateful_features-light_image.pcap.csv,.csv,False,16905,0.0161,143,cic_bell_dns_exf_2021,True,image,light,stateful
stateful_features-light_text.pcap.csv,data/raw/cic_bell_dns_exf_2021/Attack_Light_Benign/Attacks/stateful_features-light_text.pcap.csv,C:\Users\VICTUS\deepdns\data\raw\cic_bell_dns_exf_2021\Attack_Light_Benign\Attacks\stateful_features-light_text.pcap.csv,.csv,False,107167,0.1022,921,cic_bell_dns_exf_2021,True,text,light,stateful
stateful_features-light_video.pcap.csv,data/raw/cic_bell_dns_exf_2021/Attack_Light_Benign/Attacks/stateful_features-light_video.pcap.csv,C:\Users\VICTUS\deepdns\data\raw\cic_bell_dns_exf_2021\Attack_Light_Benign\Attacks\stateful_features-light_video.pcap.csv,.csv,False,143719,0.1371,1245,cic_bell_dns_exf_2021,True,video,light,stateful
stateless_features-light_audio.pcap.csv,data/raw/cic_bell_dns_exf_2021/Attack_Light_Benign/Attacks/stateless_features-light_audio.pcap.csv,C:\Users\VICTUS\deepdns\data\raw\cic_bell_dns_exf_2021\Attack_Light_Benign\Attacks\stateless_features-light_audio.pcap.csv,.csv,False,1651653,1.5751,17618,cic_bell_dns_exf_2021,True,audio,light,stateless
stateless_features-light_compressed.pcap.csv,data/raw/cic_bell_dns_exf_2021/Attack_Light_Benign/Attacks/stateless_features-light_compressed.pcap.csv,C:\Users\VICTUS\deepdns\data\raw\cic_bell_dns_exf_2021\Attack_Light_Benign\Attacks\stateless_features-light_compressed.pcap.csv,.csv,False,959649,0.9152,10241,cic_bell_dns_exf_2021,True,compressed,light,stateless
stateless_features-light_exe.pcap.csv,data/raw/cic_bell_dns_exf_2021/Attack_Light_Benign/Attacks/stateless_features-light_exe.pcap.csv,C:\Users\VICTUS\deepdns\data\raw\cic_bell_dns_exf_2021\Attack_Light_Benign\Attacks\stateless_features-light_exe.pcap.csv,.csv,False,604616,0.5766,6450,cic_bell_dns_exf_2021,True,exe,light,stateless
stateless_features-light_image.pcap.csv,data/raw/cic_bell_dns_exf_2021/Attack_Light_Benign/Attacks/stateless_features-light_image.pcap.csv,C:\Users\VICTUS\deepdns\data\raw\cic_bell_dns_exf_2021\Attack_Light_Benign\Attacks\stateless_features-light_image.pcap.csv,.csv,False,49473,0.0472,524,cic_bell_dns_exf_2021,True,image,light,stateless
stateless_features-light_text.pcap.csv,data/raw/cic_bell_dns_exf_2021/Attack_Light_Benign/Attacks/stateless_features-light_text.pcap.csv,C:\Users\VICTUS\deepdns\data\raw\cic_bell_dns_exf_2021\Attack_Light_Benign\Attacks\stateless_features-light_text.pcap.csv,.csv,False,326065,0.311,3479,cic_bell_dns_exf_2021,True,text,light,stateless
stateless_features-light_video.pcap.csv,data/raw/cic_bell_dns_exf_2021/Attack_Light_Benign/Attacks/stateless_features-light_video.pcap.csv,C:\Users\VICTUS\deepdns\data\raw\cic_bell_dns_exf_2021\Attack_Light_Benign\Attacks\stateless_features-light_video.pcap.csv,.csv,False,409839,0.3909,4371,cic_bell_dns_exf_2021,True,video,light,stateless
stateful_features-_light_benign.pcap.csv,data/raw/cic_bell_dns_exf_2021/Attack_Light_Benign/Benign/stateful_features-_light_benign.pcap.csv,C:\Users\VICTUS\deepdns\data\raw\cic_bell_dns_exf_2021\Attack_Light_Benign\Benign\stateful_features-_light_benign.pcap.csv,.csv,False,3121432,2.9768,22768,cic_bell_dns_exf_2021,False,benign,light,stateful
stateless_features-light_benign.pcap.csv,data/raw/cic_bell_dns_exf_2021/Attack_Light_Benign/Benign/stateless_features-light_benign.pcap.csv,C:\Users\VICTUS\deepdns\data\raw\cic_bell_dns_exf_2021\Attack_Light_Benign\Benign\stateless_features-light_benign.pcap.csv,.csv,False,5479863,5.226,60091,cic_bell_dns_exf_2021,False,benign,light,stateless
stateful_features-benign_1.pcap.csv,data/raw/cic_bell_dns_exf_2021/Benign/stateful_features-benign_1.pcap.csv,C:\Users\VICTUS\deepdns\data\raw\cic_bell_dns_exf_2021\Benign\stateful_features-benign_1.pcap.csv,.csv,False,6832328,6.5158,52438,cic_bell_dns_exf_2021,False,benign,standard_benign,stateful
stateful_features-benign_2.pcap.csv,data/raw/cic_bell_dns_exf_2021/Benign/stateful_features-benign_2.pcap.csv,C:\Users\VICTUS\deepdns\data\raw\cic_bell_dns_exf_2021\Benign\stateful_features-benign_2.pcap.csv,.csv,False,4699171,4.4815,34560,cic_bell_dns_exf_2021,False,benign,standard_benign,stateful
stateless_features-benign_1.pcap.csv,data/raw/cic_bell_dns_exf_2021/Benign/stateless_features-benign_1.pcap.csv,C:\Users\VICTUS\deepdns\data\raw\cic_bell_dns_exf_2021\Benign\stateless_features-benign_1.pcap.csv,.csv,False,11976043,11.4212,132499,cic_bell_dns_exf_2021,False,benign,standard_benign,stateless
stateless_features-benign_2.pcap.csv,data/raw/cic_bell_dns_exf_2021/Benign/stateless_features-benign_2.pcap.csv,C:\Users\VICTUS\deepdns\data\raw\cic_bell_dns_exf_2021\Benign\stateless_features-benign_2.pcap.csv,.csv,False,8073212,7.6992,88574,cic_bell_dns_exf_2021,False,benign,standard_benign,stateless
test_combined_multiclass.csv.gz,data/raw/dns_threats/original/test_combined_multiclass.csv.gz,C:\Users\VICTUS\deepdns\data\raw\dns_threats\original\test_combined_multiclass.csv.gz,.gz,True,6326259,6.0332,620703,dns_threats,False,benign,standard_benign,n/a
train_combined_multiclass.csv.gz,data/raw/dns_threats/original/train_combined_multiclass.csv.gz,C:\Users\VICTUS\deepdns\data\raw\dns_threats\original\train_combined_multiclass.csv.gz,.gz,True,23030305,21.9634,2482810,dns_threats,False,benign,standard_benign,n/a
